{
  "name": "HD 5501",
  "ra_deg": 14.41916847241,
  "dec_deg": 60.23800695659
}
